Workbook

Sheet Emission Factor
A1: Emission Source | B1: Scope | C1: Auditor Factor Value | D1: Companies Factor Value | E1: Unit | F1: Official Source
A2: High Speed Diesel | B2: 1 | C2: 74.1 | D2: 74.1 | F2: IPCC Guidelines for National Greenhouse Gas Inventories
A3: Piped Natural Gas | B3: 1 | C3: 56.1 | D3: 56.1 | F3: IPCC Guidelines for National Greenhouse Gas Inventories
A4: Petrol | B4: 1 | C4: 69.3 | D4: 69.3 | F4: IPCC Guidelines for National Greenhouse Gas Inventories
A5: Refrigerant R22 | B5: 1 | C5: 1960 | D5: 1960 | F5: IPCC 6th Assessment Report
A6: Refrigerant R407C | B6: 1 | C6: 1908 | D6: 1908 | F6: IPCC 6th Assessment Report
A7: Refrigerant R410A | B7: 1 | C7: 2256 | D7: 2256 | F7: IPCC 6th Assessment Report
A8: Refrigerant R134A | B8: 1 | C8: 1530 | D8: 1530 | F8: IPCC 6th Assessment Report
A9: Refrigerant R404A | B9: 1 | C9: 4728 | D9: 4728 | F9: IPCC 6th Assessment Report
A10: Refrigerant R32 | B10: 1 | C10: 771 | D10: 771 | F10: IPCC 6th Assessment Report
A11: Refrigerant R417A | B11: 1 | C11: 2508 | D11: 2508 | F11: IPCC 6th Assessment Report
A12: Refrigerant R123 | B12: 1 | C12: 90.4 | D12: 90.4 | F12: IPCC 6th Assessment Report
A14: Pruchased Grid Electricity | B14: 2 | C14: 0.71 | D14: 0.71 | F14: CEA: CO2 Baseline Database for the Indian Power Sector – 2025
A15: Renewable Power | B15: 2 | C15: 0.71 | F15: CEA: CO2 Baseline Database for the Indian Power Sector – 2025

Sheet Activity sources
A1: Scope | B1: Activity Category | C1: Raw Value | D1: Raw Unit | E1: Standardized Unit | F1: Standardized Value | G1: Source Document
A2: 1 | B2: Consolidated(HSD, Petrol,PNG) | C2: 54233 | D2: GJ | E2: GJ | F2: =IF(E2="GJ",C2) -> 54233
A3: 1 | B3: Refrigerant R22 | C3: 101 | D3: kg | E3: kg | F3: =IF(E3="kg", C3) -> 101
A4: 1 | B4: Refrigerant R407C | C4: 306 | D4: kg | E4: kg | F4: =IF(E4="kg", C4) -> 306
A5: 1 | B5: Refrigerant R410A | C5: 2224.44 | D5: kg | E5: kg | F5: =IF(E5="kg", C5) -> 2224.44
A6: 1 | B6: Refrigerant R134A | C6: 1290 | D6: kg | E6: kg | F6: =IF(E6="kg", C6) -> 1290
A7: 1 | B7: Refrigerant R404A | C7: 3.8 | D7: kg | E7: kg | F7: =IF(E7="kg", C7) -> 3.8
A8: 1 | B8: Refrigerant R32 | C8: 13.4 | D8: kg | E8: kg | F8: =IF(E8="kg", C8) -> 13.4
A9: 1 | B9: Refrigerant R417A | C9: 4.25 | D9: kg | E9: kg | F9: =IF(E9="kg", C9) -> 4.25
A10: 1 | B10: Refrigerant R123 | C10: 32 | D10: kg | E10: kg | F10: =IF(E10="kg", C10) -> 32
A12: 2 | B12: Grid Electricity | C12: 196321 | D12: GJ | E12: KWH | F12: =C12*277.77 -> 54532084
A13: 2 | B13: Renewable Electricity | C13: 636639 | D13: GJ | E13: KWH | F13: =C13*277.77 -> 1.7683922e+08
A15: 3 | B15: Business Travel | C15: 55825 | D15: tCO2e
A16: 3 | B16: Employee Commuting | C16: 44495 | D16: tCO2e
A17: 3 | B17: T&D Loss | C17: 5053 | D17: tCO2e
A18: 3 | B18: Upstream Leased Asset | C18: 1948 | D18: tCO2e
A19: 3 | B19: Waste Generated in Operation | C19: 87 | D19: tCO2e
A20: 3 | B20: Work from Home Emission | C20: 37879 | D20: tCO2e
A21: 3 | B21: Capital Goods | C21: 31889 | D21: tCO2e
A22: 3 | B22: Purchased Goods and services | C22: 30198 | D22: tCO2e

Sheet Calculation
A1: Emission Source | B1: Standardised Value | C1: Standardised unit | D1: Applied Emission Factor | E1: Footprint (kgCO2e) | F1: Footprint (tCO2e)
A2: SCOPE 1
A3: ='Activity sources'!B2 -> Consolidated(HSD, Petrol,PNG) | B3: ='Activity sources'!F2 -> 54233 | C3: GJ | D3: 67.62 | E3: =B3*D3 -> 3667235.5 | F3: =E3/1000 -> 3667.2355
A4: ='Activity sources'!B3 -> Refrigerant R22 | B4: ='Activity sources'!F3 -> 101 | C4: kg | D4: =IF(A4='Emission Factor'!A5,'Emission Factor'!C5, "Not found") -> 1960 | E4: =B4*D4 -> 197960 | F4: =E4/1000 -> 197.96
A5: ='Activity sources'!B4 -> Refrigerant R407C | B5: ='Activity sources'!F4 -> 306 | C5: kg | D5: =IF(A5='Emission Factor'!A6,'Emission Factor'!C6, "Not found") -> 1908 | E5: =B5*D5 -> 583848 | F5: =E5/1000 -> 583.848
A6: ='Activity sources'!B5 -> Refrigerant R410A | B6: ='Activity sources'!F5 -> 2224.44 | C6: kg | D6: =IF(A6='Emission Factor'!A7,'Emission Factor'!C7, "Not found") -> 2256 | E6: =B6*D6 -> 5018336.6 | F6: =E6/1000 -> 5018.3366
A7: ='Activity sources'!B6 -> Refrigerant R134A | B7: ='Activity sources'!F6 -> 1290 | C7: kg | D7: =IF(A7='Emission Factor'!A8,'Emission Factor'!C8, "Not found") -> 1530 | E7: =B7*D7 -> 1973700 | F7: =E7/1000 -> 1973.7
A8: ='Activity sources'!B7 -> Refrigerant R404A | B8: ='Activity sources'!F7 -> 3.8 | C8: kg | D8: =IF(A8='Emission Factor'!A9,'Emission Factor'!C9, "Not found") -> 4728 | E8: =B8*D8 -> 17966.4 | F8: =E8/1000 -> 17.9664
A9: ='Activity sources'!B8 -> Refrigerant R32 | B9: ='Activity sources'!F8 -> 13.4 | C9: kg | D9: =IF(A9='Emission Factor'!A10,'Emission Factor'!C10, "Not found") -> 771 | E9: =B9*D9 -> 10331.4 | F9: =E9/1000 -> 10.3314
A10: ='Activity sources'!B9 -> Refrigerant R417A | B10: ='Activity sources'!F9 -> 4.25 | C10: kg | D10: =IF(A10='Emission Factor'!A11,'Emission Factor'!C11, "Not found") -> 2508 | E10: =B10*D10 -> 10659 | F10: =E10/1000 -> 10.659
A11: ='Activity sources'!B10 -> Refrigerant R123 | B11: ='Activity sources'!F10 -> 32 | C11: kg | D11: =IF(A11='Emission Factor'!A12,'Emission Factor'!C12, "Not found") -> 90.4 | E11: =B11*D11 -> 2892.8 | F11: =E11/1000 -> 2.8928
A12: Scope 1 Total | F12: =SUM(F3:F11) -> 11482.93
A14: SCOPE 2
A15: ='Activity sources'!B12 -> Grid Electricity | B15: ='Activity sources'!F12 -> 54532084 | C15: KWH | D15: ='Emission Factor'!C14 -> 0.71 | E15: =B15*D15 -> 38717780 | F15: =E15/1000 -> 38717.78
A16: ='Activity sources'!B13 -> Renewable Electricity | B16: ='Activity sources'!F13 -> 1.7683922e+08 | C16: KWH | D16: ='Emission Factor'!C15 -> 0.71 | E16: =B16*D16 -> 1.2555584e+08 | F16: =E16/1000 -> 125555.84
A17: Scope 2 Location Based | B17: =SUM(B15:B16) -> 2.313713e+08 | C17: KWH | D17: 0.71 | E17: =B17*D17 -> 1.6427362e+08 | F17: =E17/1000 -> 164273.62
A18: Scope 2 Market Based | B18: =B15 -> 54532084 | C18: KWH | D18: 0.71 | E18: =B18*D18 -> 38717780 | F18: =E18/1000 -> 38717.78
A20: Scope 3
A21: ='Activity sources'!B15 -> Business Travel | B21: ='Activity sources'!C15 -> 55825 | F21: =B21 -> 55825
A22: ='Activity sources'!B16 -> Employee Commuting | B22: ='Activity sources'!C16 -> 44495 | F22: =B22 -> 44495
A23: ='Activity sources'!B17 -> T&D Loss | B23: ='Activity sources'!C17 -> 5053 | F23: =B23 -> 5053
A24: ='Activity sources'!B18 -> Upstream Leased Asset | B24: ='Activity sources'!C18 -> 1948 | F24: =B24 -> 1948
A25: ='Activity sources'!B19 -> Waste Generated in Operation | B25: ='Activity sources'!C19 -> 87 | F25: =B25 -> 87
A26: ='Activity sources'!B20 -> Work from Home Emission | B26: ='Activity sources'!C20 -> 37879 | F26: =B26 -> 37879
A27: ='Activity sources'!B21 -> Capital Goods | B27: ='Activity sources'!C21 -> 31889 | F27: =B27 -> 31889
A28: ='Activity sources'!B22 -> Purchased Goods and services | B28: ='Activity sources'!C22 -> 30198 | F28: =B28 -> 30198
A29: Scope 3 Total | F29: =SUM(F21:F28) -> 207374
A31: TOTAL SCOPE (1+2+3) | F31: =SUM(F12,F18,F29) -> 257574.71
A33: TOTAL SCOPE PUBLISHED | F33: 253208

Sheet GHG_Trend
A1: Year | B1: Scope | C1: Value_tCO2e
A2: FY2024 | B2: Scope 1 | C2: 7150
A3: FY2025 | B3: Scope 1 | C3: 8745
A4: FY2026 | B4: Scope 1 | C4: 11483
A5: FY2024 | B5: Scope 2 | C5: 55881
A6: FY2025 | B6: Scope 2 | C6: 38586
A7: FY2026 | B7: Scope 2 | C7: 34351
A8: FY2024 | B8: Scope 3 | C8: 212124
A9: FY2025 | B9: Scope 3 | C9: 208659
A10: FY2026 | B10: Scope 3 | C10: 207374

Sheet Scope1_Refrigerants
A1: Refrigerant | B1: Value_tCO2e
A2: R410A | B2: 5018.3
A3: R134A | B3: 1973.7
A4: R407C | B4: 583.9
A5: R22 | B5: 198
A6: R417A | B6: 10.7
A7: R404A | B7: 18
A8: R32 | B8: 10.3
A9: R123 | B9: 2.9

Sheet Scope2_Reconciliation
A1: Method | B1: Source | C1: Value_tCO2e
A2: Location-based | B2: Independent estimate | C2: 164278
A3: Location-based | B3: Published | C3: 145604
A4: Market-based | B4: Independent estimate | C4: 38719
A5: Market-based | B5: Published | C5: 34351

Sheet Scope3_Categories
A1: Year | B1: Category | C1: Value_tCO2e
A2: FY2024 | B2: Business travel | C2: 61764
A3: FY2025 | B3: Business travel | C3: 72680
A4: FY2026 | B4: Business travel | C4: 55825
A5: FY2024 | B5: Employee commute | C5: 23397
A6: FY2025 | B6: Employee commute | C6: 36741
A7: FY2026 | B7: Employee commute | C7: 44495
A8: FY2024 | B8: Capital goods | C8: 31495
A9: FY2025 | B9: Capital goods | C9: 21453
A10: FY2026 | B10: Capital goods | C10: 37879
A11: FY2024 | B11: Work from home | C11: 54009
A12: FY2025 | B12: Work from home | C12: 41394
A13: FY2026 | B13: Work from home | C13: 31889
... A25: FY2026 | B25: Waste generated | C25: 87
